batch,Mean precision,Recall,F-Measure,MAP,GMAP
6B1_golden_1-aueb-nlp-4,0.21269651172236054,0.25011684801025924,0.19239072397187112,0.16589622913215266,0.011068641301611446
