batch,Mean precision,Recall,F-Measure,MAP,GMAP
6B1_golden_1-aueb-nlp-4,0.21269651172236054,0.25011684801025924,0.19239072397187112,0.16589622913215266,0.011068641301611446
6B2_golden_2-aueb-nlp-4,0.2872636424287026,0.2146197751178933,0.18501190236737292,0.23371072162089984,0.02310804468883905
6B3_golden_3-aueb-nlp-4,0.26003786059540585,0.2606508506979361,0.2298338621471135,0.23064062571728583,0.03591235401768035
6B4_golden_4-aueb-nlp-4,0.17610509220044598,0.23667781424156625,0.1646042834423257,0.14793238638640266,0.003342406333163496
6B5_golden_5-aueb-nlp-4,0.14094343345395727,0.18489952564391401,0.12852251428873449,0.10071564146215053,0.002367187183784851
